name,x,y,theta,w
chair,-0.8819958125429368,-2.927614401973484,0.5211128157497309,0.8534878049869178,
sink,2.1105164988335114,-0.918943306620489,0.9462432772528375,0.3234558088113577,
