name,x,y,theta,w
table,-2.4848960406180405,0.3846863473189495,-0.9947159975374349,0.10266491242438111